business_name,category,city,address,phone,source
Business 0,Hospital,Pune,Address 0,9876540000,https://www.justdial.com/
Business 1,Gym,Bangalore,Address 1,9876540001,https://www.justdial.com/
Business 2,Cafe,Mumbai,Address 2,9876540002,https://www.justdial.com/
Business 3,Cafe,Pune,Address 3,9876540003,https://www.justdial.com/
Business 4,Restaurant,Bangalore,Address 4,9876540004,https://www.justdial.com/
Business 5,Gym,Delhi,Address 5,9876540005,https://www.justdial.com/
Business 6,Gym,Bangalore,Address 6,9876540006,https://www.justdial.com/
Business 7,Hospital,Pune,Address 7,9876540007,https://www.justdial.com/
Business 8,Cafe,Pune,Address 8,9876540008,https://www.justdial.com/
Business 9,Hospital,Delhi,Address 9,9876540009,https://www.justdial.com/
Business 10,Cafe,Pune,Address 10,9876540010,https://www.justdial.com/
Business 11,Restaurant,Bangalore,Address 11,9876540011,https://www.justdial.com/
Business 12,Cafe,Pune,Address 12,9876540012,https://www.justdial.com/
Business 13,Gym,Pune,Address 13,9876540013,https://www.justdial.com/
Business 14,Hospital,Pune,Address 14,9876540014,https://www.justdial.com/
Business 15,Gym,Pune,Address 15,9876540015,https://www.justdial.com/
Business 16,Gym,Mumbai,Address 16,9876540016,https://www.justdial.com/
Business 17,Restaurant,Mumbai,Address 17,9876540017,https://www.justdial.com/
Business 18,Hospital,Pune,Address 18,9876540018,https://www.justdial.com/
Business 19,Gym,Pune,Address 19,9876540019,https://www.justdial.com/
Business 20,Hospital,Mumbai,Address 20,9876540020,https://www.justdial.com/
Business 21,Hospital,Pune,Address 21,9876540021,https://www.justdial.com/
Business 22,Gym,Mumbai,Address 22,9876540022,https://www.justdial.com/
Business 23,Hospital,Pune,Address 23,9876540023,https://www.justdial.com/
Business 24,Gym,Pune,Address 24,9876540024,https://www.justdial.com/
Business 25,Hospital,Mumbai,Address 25,9876540025,https://www.justdial.com/
Business 26,Hospital,Bangalore,Address 26,9876540026,https://www.justdial.com/
Business 27,Hospital,Delhi,Address 27,9876540027,https://www.justdial.com/
Business 28,Restaurant,Bangalore,Address 28,9876540028,https://www.justdial.com/
Business 29,Cafe,Pune,Address 29,9876540029,https://www.justdial.com/
Business 30,Restaurant,Mumbai,Address 30,9876540030,https://www.justdial.com/
Business 31,Gym,Pune,Address 31,9876540031,https://www.justdial.com/
Business 32,Hospital,Pune,Address 32,9876540032,https://www.justdial.com/
Business 33,Gym,Mumbai,Address 33,9876540033,https://www.justdial.com/
Business 34,Gym,Pune,Address 34,9876540034,https://www.justdial.com/
Business 35,Restaurant,Bangalore,Address 35,9876540035,https://www.justdial.com/
Business 36,Hospital,Delhi,Address 36,9876540036,https://www.justdial.com/
Business 37,Hospital,Mumbai,Address 37,9876540037,https://www.justdial.com/
Business 38,Restaurant,Delhi,Address 38,9876540038,https://www.justdial.com/
Business 39,Gym,Bangalore,Address 39,9876540039,https://www.justdial.com/
Business 40,Restaurant,Pune,Address 40,9876540040,https://www.justdial.com/
Business 41,Cafe,Bangalore,Address 41,9876540041,https://www.justdial.com/
Business 42,Restaurant,Mumbai,Address 42,9876540042,https://www.justdial.com/
Business 43,Gym,Bangalore,Address 43,9876540043,https://www.justdial.com/
Business 44,Hospital,Delhi,Address 44,9876540044,https://www.justdial.com/
Business 45,Gym,Delhi,Address 45,9876540045,https://www.justdial.com/
Business 46,Gym,Pune,Address 46,9876540046,https://www.justdial.com/
Business 47,Gym,Bangalore,Address 47,9876540047,https://www.justdial.com/
Business 48,Cafe,Delhi,Address 48,9876540048,https://www.justdial.com/
Business 49,Restaurant,Pune,Address 49,9876540049,https://www.justdial.com/
Business 50,Gym,Bangalore,Address 50,9876540050,https://www.justdial.com/
Business 51,Hospital,Bangalore,Address 51,9876540051,https://www.justdial.com/
Business 52,Hospital,Delhi,Address 52,9876540052,https://www.justdial.com/
Business 53,Hospital,Delhi,Address 53,9876540053,https://www.justdial.com/
Business 54,Cafe,Pune,Address 54,9876540054,https://www.justdial.com/
Business 55,Cafe,Delhi,Address 55,9876540055,https://www.justdial.com/
Business 56,Gym,Mumbai,Address 56,9876540056,https://www.justdial.com/
Business 57,Restaurant,Delhi,Address 57,9876540057,https://www.justdial.com/
Business 58,Cafe,Pune,Address 58,9876540058,https://www.justdial.com/
Business 59,Restaurant,Pune,Address 59,9876540059,https://www.justdial.com/
Business 60,Cafe,Delhi,Address 60,9876540060,https://www.justdial.com/
Business 61,Hospital,Mumbai,Address 61,9876540061,https://www.justdial.com/
Business 62,Hospital,Delhi,Address 62,9876540062,https://www.justdial.com/
Business 63,Restaurant,Delhi,Address 63,9876540063,https://www.justdial.com/
Business 64,Hospital,Bangalore,Address 64,9876540064,https://www.justdial.com/
Business 65,Restaurant,Mumbai,Address 65,9876540065,https://www.justdial.com/
Business 66,Cafe,Pune,Address 66,9876540066,https://www.justdial.com/
Business 67,Gym,Pune,Address 67,9876540067,https://www.justdial.com/
Business 68,Gym,Mumbai,Address 68,9876540068,https://www.justdial.com/
Business 69,Gym,Pune,Address 69,9876540069,https://www.justdial.com/
Business 70,Hospital,Pune,Address 70,9876540070,https://www.justdial.com/
Business 71,Restaurant,Bangalore,Address 71,9876540071,https://www.justdial.com/
Business 72,Hospital,Mumbai,Address 72,9876540072,https://www.justdial.com/
Business 73,Restaurant,Mumbai,Address 73,9876540073,https://www.justdial.com/
Business 74,Restaurant,Bangalore,Address 74,9876540074,https://www.justdial.com/
Business 75,Restaurant,Delhi,Address 75,9876540075,https://www.justdial.com/
Business 76,Restaurant,Delhi,Address 76,9876540076,https://www.justdial.com/
Business 77,Restaurant,Delhi,Address 77,9876540077,https://www.justdial.com/
Business 78,Hospital,Pune,Address 78,9876540078,https://www.justdial.com/
Business 79,Restaurant,Mumbai,Address 79,9876540079,https://www.justdial.com/
Business 80,Restaurant,Delhi,Address 80,9876540080,https://www.justdial.com/
Business 81,Gym,Bangalore,Address 81,9876540081,https://www.justdial.com/
Business 82,Cafe,Bangalore,Address 82,9876540082,https://www.justdial.com/
Business 83,Restaurant,Delhi,Address 83,9876540083,https://www.justdial.com/
Business 84,Restaurant,Delhi,Address 84,9876540084,https://www.justdial.com/
Business 85,Hospital,Delhi,Address 85,9876540085,https://www.justdial.com/
Business 86,Restaurant,Bangalore,Address 86,9876540086,https://www.justdial.com/
Business 87,Cafe,Mumbai,Address 87,9876540087,https://www.justdial.com/
Business 88,Restaurant,Pune,Address 88,9876540088,https://www.justdial.com/
Business 89,Hospital,Delhi,Address 89,9876540089,https://www.justdial.com/
Business 90,Gym,Mumbai,Address 90,9876540090,https://www.justdial.com/
Business 91,Cafe,Pune,Address 91,9876540091,https://www.justdial.com/
Business 92,Cafe,Pune,Address 92,9876540092,https://www.justdial.com/
Business 93,Gym,Mumbai,Address 93,9876540093,https://www.justdial.com/
Business 94,Restaurant,Pune,Address 94,9876540094,https://www.justdial.com/
Business 95,Hospital,Delhi,Address 95,9876540095,https://www.justdial.com/
Business 96,Hospital,Bangalore,Address 96,9876540096,https://www.justdial.com/
Business 97,Gym,Bangalore,Address 97,9876540097,https://www.justdial.com/
Business 98,Cafe,Bangalore,Address 98,9876540098,https://www.justdial.com/
Business 99,Restaurant,Delhi,Address 99,9876540099,https://www.justdial.com/
Business 100,Hospital,Pune,Address 100,9876540100,https://www.justdial.com/
Business 101,Gym,Mumbai,Address 101,9876540101,https://www.justdial.com/
Business 102,Cafe,Mumbai,Address 102,9876540102,https://www.justdial.com/
Business 103,Hospital,Delhi,Address 103,9876540103,https://www.justdial.com/
Business 104,Cafe,Pune,Address 104,9876540104,https://www.justdial.com/
Business 105,Hospital,Mumbai,Address 105,9876540105,https://www.justdial.com/
Business 106,Hospital,Pune,Address 106,9876540106,https://www.justdial.com/
Business 107,Gym,Delhi,Address 107,9876540107,https://www.justdial.com/
Business 108,Restaurant,Delhi,Address 108,9876540108,https://www.justdial.com/
Business 109,Cafe,Pune,Address 109,9876540109,https://www.justdial.com/
Business 110,Cafe,Bangalore,Address 110,9876540110,https://www.justdial.com/
Business 111,Hospital,Mumbai,Address 111,9876540111,https://www.justdial.com/
Business 112,Hospital,Mumbai,Address 112,9876540112,https://www.justdial.com/
Business 113,Restaurant,Mumbai,Address 113,9876540113,https://www.justdial.com/
Business 114,Cafe,Mumbai,Address 114,9876540114,https://www.justdial.com/
Business 115,Gym,Bangalore,Address 115,9876540115,https://www.justdial.com/
Business 116,Restaurant,Mumbai,Address 116,9876540116,https://www.justdial.com/
Business 117,Hospital,Mumbai,Address 117,9876540117,https://www.justdial.com/
Business 118,Cafe,Delhi,Address 118,9876540118,https://www.justdial.com/
Business 119,Restaurant,Mumbai,Address 119,9876540119,https://www.justdial.com/
Business 120,Cafe,Mumbai,Address 120,9876540120,https://www.justdial.com/
Business 121,Restaurant,Bangalore,Address 121,9876540121,https://www.justdial.com/
Business 122,Restaurant,Mumbai,Address 122,9876540122,https://www.justdial.com/
Business 123,Restaurant,Pune,Address 123,9876540123,https://www.justdial.com/
Business 124,Gym,Mumbai,Address 124,9876540124,https://www.justdial.com/
Business 125,Restaurant,Delhi,Address 125,9876540125,https://www.justdial.com/
Business 126,Gym,Bangalore,Address 126,9876540126,https://www.justdial.com/
Business 127,Hospital,Bangalore,Address 127,9876540127,https://www.justdial.com/
Business 128,Restaurant,Bangalore,Address 128,9876540128,https://www.justdial.com/
Business 129,Cafe,Bangalore,Address 129,9876540129,https://www.justdial.com/
Business 130,Restaurant,Delhi,Address 130,9876540130,https://www.justdial.com/
Business 131,Cafe,Delhi,Address 131,9876540131,https://www.justdial.com/
Business 132,Gym,Mumbai,Address 132,9876540132,https://www.justdial.com/
Business 133,Gym,Pune,Address 133,9876540133,https://www.justdial.com/
Business 134,Cafe,Pune,Address 134,9876540134,https://www.justdial.com/
Business 135,Restaurant,Bangalore,Address 135,9876540135,https://www.justdial.com/
Business 136,Gym,Mumbai,Address 136,9876540136,https://www.justdial.com/
Business 137,Hospital,Delhi,Address 137,9876540137,https://www.justdial.com/
Business 138,Cafe,Pune,Address 138,9876540138,https://www.justdial.com/
Business 139,Restaurant,Delhi,Address 139,9876540139,https://www.justdial.com/
Business 140,Hospital,Delhi,Address 140,9876540140,https://www.justdial.com/
Business 141,Cafe,Mumbai,Address 141,9876540141,https://www.justdial.com/
Business 142,Hospital,Mumbai,Address 142,9876540142,https://www.justdial.com/
Business 143,Restaurant,Delhi,Address 143,9876540143,https://www.justdial.com/
Business 144,Hospital,Mumbai,Address 144,9876540144,https://www.justdial.com/
Business 145,Restaurant,Mumbai,Address 145,9876540145,https://www.justdial.com/
Business 146,Gym,Mumbai,Address 146,9876540146,https://www.justdial.com/
Business 147,Hospital,Pune,Address 147,9876540147,https://www.justdial.com/
Business 148,Restaurant,Delhi,Address 148,9876540148,https://www.justdial.com/
Business 149,Hospital,Mumbai,Address 149,9876540149,https://www.justdial.com/
Business 150,Cafe,Delhi,Address 150,9876540150,https://www.justdial.com/
Business 151,Cafe,Mumbai,Address 151,9876540151,https://www.justdial.com/
Business 152,Cafe,Pune,Address 152,9876540152,https://www.justdial.com/
Business 153,Gym,Mumbai,Address 153,9876540153,https://www.justdial.com/
Business 154,Restaurant,Pune,Address 154,9876540154,https://www.justdial.com/
Business 155,Cafe,Mumbai,Address 155,9876540155,https://www.justdial.com/
Business 156,Restaurant,Bangalore,Address 156,9876540156,https://www.justdial.com/
Business 157,Cafe,Bangalore,Address 157,9876540157,https://www.justdial.com/
Business 158,Cafe,Mumbai,Address 158,9876540158,https://www.justdial.com/
Business 159,Cafe,Mumbai,Address 159,9876540159,https://www.justdial.com/
Business 160,Hospital,Delhi,Address 160,9876540160,https://www.justdial.com/
Business 161,Restaurant,Pune,Address 161,9876540161,https://www.justdial.com/
Business 162,Hospital,Delhi,Address 162,9876540162,https://www.justdial.com/
Business 163,Restaurant,Delhi,Address 163,9876540163,https://www.justdial.com/
Business 164,Restaurant,Mumbai,Address 164,9876540164,https://www.justdial.com/
Business 165,Cafe,Mumbai,Address 165,9876540165,https://www.justdial.com/
Business 166,Hospital,Bangalore,Address 166,9876540166,https://www.justdial.com/
Business 167,Gym,Pune,Address 167,9876540167,https://www.justdial.com/
Business 168,Hospital,Delhi,Address 168,9876540168,https://www.justdial.com/
Business 169,Gym,Bangalore,Address 169,9876540169,https://www.justdial.com/
Business 170,Hospital,Bangalore,Address 170,9876540170,https://www.justdial.com/
Business 171,Gym,Delhi,Address 171,9876540171,https://www.justdial.com/
Business 172,Hospital,Bangalore,Address 172,9876540172,https://www.justdial.com/
Business 173,Restaurant,Delhi,Address 173,9876540173,https://www.justdial.com/
Business 174,Restaurant,Mumbai,Address 174,9876540174,https://www.justdial.com/
Business 175,Cafe,Pune,Address 175,9876540175,https://www.justdial.com/
Business 176,Cafe,Mumbai,Address 176,9876540176,https://www.justdial.com/
Business 177,Hospital,Delhi,Address 177,9876540177,https://www.justdial.com/
Business 178,Hospital,Mumbai,Address 178,9876540178,https://www.justdial.com/
Business 179,Cafe,Mumbai,Address 179,9876540179,https://www.justdial.com/
Business 180,Restaurant,Pune,Address 180,9876540180,https://www.justdial.com/
Business 181,Hospital,Mumbai,Address 181,9876540181,https://www.justdial.com/
Business 182,Hospital,Pune,Address 182,9876540182,https://www.justdial.com/
Business 183,Cafe,Mumbai,Address 183,9876540183,https://www.justdial.com/
Business 184,Hospital,Delhi,Address 184,9876540184,https://www.justdial.com/
Business 185,Gym,Bangalore,Address 185,9876540185,https://www.justdial.com/
Business 186,Gym,Bangalore,Address 186,9876540186,https://www.justdial.com/
Business 187,Gym,Delhi,Address 187,9876540187,https://www.justdial.com/
Business 188,Cafe,Delhi,Address 188,9876540188,https://www.justdial.com/
Business 189,Gym,Pune,Address 189,9876540189,https://www.justdial.com/
Business 190,Restaurant,Bangalore,Address 190,9876540190,https://www.justdial.com/
Business 191,Gym,Mumbai,Address 191,9876540191,https://www.justdial.com/
Business 192,Restaurant,Bangalore,Address 192,9876540192,https://www.justdial.com/
Business 193,Gym,Bangalore,Address 193,9876540193,https://www.justdial.com/
Business 194,Restaurant,Bangalore,Address 194,9876540194,https://www.justdial.com/
Business 195,Cafe,Delhi,Address 195,9876540195,https://www.justdial.com/
Business 196,Gym,Mumbai,Address 196,9876540196,https://www.justdial.com/
Business 197,Restaurant,Pune,Address 197,9876540197,https://www.justdial.com/
Business 198,Cafe,Mumbai,Address 198,9876540198,https://www.justdial.com/
Business 199,Hospital,Mumbai,Address 199,9876540199,https://www.justdial.com/
Business 200,Gym,Pune,Address 200,9876540200,https://www.justdial.com/
Business 201,Hospital,Bangalore,Address 201,9876540201,https://www.justdial.com/
Business 202,Gym,Delhi,Address 202,9876540202,https://www.justdial.com/
Business 203,Cafe,Delhi,Address 203,9876540203,https://www.justdial.com/
Business 204,Restaurant,Delhi,Address 204,9876540204,https://www.justdial.com/
Business 205,Hospital,Mumbai,Address 205,9876540205,https://www.justdial.com/
Business 206,Hospital,Bangalore,Address 206,9876540206,https://www.justdial.com/
Business 207,Restaurant,Bangalore,Address 207,9876540207,https://www.justdial.com/
Business 208,Gym,Pune,Address 208,9876540208,https://www.justdial.com/
Business 209,Gym,Pune,Address 209,9876540209,https://www.justdial.com/
Business 210,Hospital,Pune,Address 210,9876540210,https://www.justdial.com/
Business 211,Hospital,Bangalore,Address 211,9876540211,https://www.justdial.com/
Business 212,Gym,Delhi,Address 212,9876540212,https://www.justdial.com/
Business 213,Gym,Bangalore,Address 213,9876540213,https://www.justdial.com/
Business 214,Cafe,Bangalore,Address 214,9876540214,https://www.justdial.com/
Business 215,Cafe,Mumbai,Address 215,9876540215,https://www.justdial.com/
Business 216,Hospital,Bangalore,Address 216,9876540216,https://www.justdial.com/
Business 217,Restaurant,Mumbai,Address 217,9876540217,https://www.justdial.com/
Business 218,Hospital,Delhi,Address 218,9876540218,https://www.justdial.com/
Business 219,Hospital,Bangalore,Address 219,9876540219,https://www.justdial.com/
Business 220,Gym,Bangalore,Address 220,9876540220,https://www.justdial.com/
Business 221,Gym,Delhi,Address 221,9876540221,https://www.justdial.com/
Business 222,Restaurant,Bangalore,Address 222,9876540222,https://www.justdial.com/
Business 223,Restaurant,Pune,Address 223,9876540223,https://www.justdial.com/
Business 224,Hospital,Delhi,Address 224,9876540224,https://www.justdial.com/
Business 225,Cafe,Delhi,Address 225,9876540225,https://www.justdial.com/
Business 226,Cafe,Pune,Address 226,9876540226,https://www.justdial.com/
Business 227,Restaurant,Pune,Address 227,9876540227,https://www.justdial.com/
Business 228,Hospital,Mumbai,Address 228,9876540228,https://www.justdial.com/
Business 229,Cafe,Delhi,Address 229,9876540229,https://www.justdial.com/
Business 230,Hospital,Pune,Address 230,9876540230,https://www.justdial.com/
Business 231,Hospital,Mumbai,Address 231,9876540231,https://www.justdial.com/
Business 232,Hospital,Mumbai,Address 232,9876540232,https://www.justdial.com/
Business 233,Cafe,Mumbai,Address 233,9876540233,https://www.justdial.com/
Business 234,Cafe,Delhi,Address 234,9876540234,https://www.justdial.com/
Business 235,Restaurant,Mumbai,Address 235,9876540235,https://www.justdial.com/
Business 236,Restaurant,Pune,Address 236,9876540236,https://www.justdial.com/
Business 237,Cafe,Mumbai,Address 237,9876540237,https://www.justdial.com/
Business 238,Hospital,Mumbai,Address 238,9876540238,https://www.justdial.com/
Business 239,Restaurant,Mumbai,Address 239,9876540239,https://www.justdial.com/
Business 240,Hospital,Delhi,Address 240,9876540240,https://www.justdial.com/
Business 241,Gym,Delhi,Address 241,9876540241,https://www.justdial.com/
Business 242,Cafe,Mumbai,Address 242,9876540242,https://www.justdial.com/
Business 243,Gym,Delhi,Address 243,9876540243,https://www.justdial.com/
Business 244,Restaurant,Mumbai,Address 244,9876540244,https://www.justdial.com/
Business 245,Restaurant,Delhi,Address 245,9876540245,https://www.justdial.com/
Business 246,Hospital,Delhi,Address 246,9876540246,https://www.justdial.com/
Business 247,Cafe,Delhi,Address 247,9876540247,https://www.justdial.com/
Business 248,Cafe,Mumbai,Address 248,9876540248,https://www.justdial.com/
Business 249,Hospital,Bangalore,Address 249,9876540249,https://www.justdial.com/
Business 250,Cafe,Pune,Address 250,9876540250,https://www.justdial.com/
Business 251,Restaurant,Delhi,Address 251,9876540251,https://www.justdial.com/
Business 252,Restaurant,Bangalore,Address 252,9876540252,https://www.justdial.com/
Business 253,Cafe,Pune,Address 253,9876540253,https://www.justdial.com/
Business 254,Cafe,Delhi,Address 254,9876540254,https://www.justdial.com/
Business 255,Restaurant,Delhi,Address 255,9876540255,https://www.justdial.com/
Business 256,Cafe,Bangalore,Address 256,9876540256,https://www.justdial.com/
Business 257,Cafe,Bangalore,Address 257,9876540257,https://www.justdial.com/
Business 258,Restaurant,Mumbai,Address 258,9876540258,https://www.justdial.com/
Business 259,Restaurant,Pune,Address 259,9876540259,https://www.justdial.com/
Business 260,Restaurant,Pune,Address 260,9876540260,https://www.justdial.com/
Business 261,Hospital,Delhi,Address 261,9876540261,https://www.justdial.com/
Business 262,Gym,Delhi,Address 262,9876540262,https://www.justdial.com/
Business 263,Hospital,Bangalore,Address 263,9876540263,https://www.justdial.com/
Business 264,Hospital,Delhi,Address 264,9876540264,https://www.justdial.com/
Business 265,Restaurant,Mumbai,Address 265,9876540265,https://www.justdial.com/
Business 266,Hospital,Mumbai,Address 266,9876540266,https://www.justdial.com/
Business 267,Cafe,Delhi,Address 267,9876540267,https://www.justdial.com/
Business 268,Restaurant,Pune,Address 268,9876540268,https://www.justdial.com/
Business 269,Restaurant,Pune,Address 269,9876540269,https://www.justdial.com/
Business 270,Cafe,Delhi,Address 270,9876540270,https://www.justdial.com/
Business 271,Restaurant,Bangalore,Address 271,9876540271,https://www.justdial.com/
Business 272,Hospital,Bangalore,Address 272,9876540272,https://www.justdial.com/
Business 273,Restaurant,Mumbai,Address 273,9876540273,https://www.justdial.com/
Business 274,Gym,Bangalore,Address 274,9876540274,https://www.justdial.com/
Business 275,Cafe,Pune,Address 275,9876540275,https://www.justdial.com/
Business 276,Gym,Delhi,Address 276,9876540276,https://www.justdial.com/
Business 277,Cafe,Pune,Address 277,9876540277,https://www.justdial.com/
Business 278,Restaurant,Bangalore,Address 278,9876540278,https://www.justdial.com/
Business 279,Cafe,Mumbai,Address 279,9876540279,https://www.justdial.com/
Business 280,Cafe,Pune,Address 280,9876540280,https://www.justdial.com/
Business 281,Cafe,Mumbai,Address 281,9876540281,https://www.justdial.com/
Business 282,Hospital,Bangalore,Address 282,9876540282,https://www.justdial.com/
Business 283,Restaurant,Pune,Address 283,9876540283,https://www.justdial.com/
Business 284,Cafe,Mumbai,Address 284,9876540284,https://www.justdial.com/
Business 285,Hospital,Mumbai,Address 285,9876540285,https://www.justdial.com/
Business 286,Hospital,Delhi,Address 286,9876540286,https://www.justdial.com/
Business 287,Restaurant,Bangalore,Address 287,9876540287,https://www.justdial.com/
Business 288,Cafe,Pune,Address 288,9876540288,https://www.justdial.com/
Business 289,Gym,Pune,Address 289,9876540289,https://www.justdial.com/
Business 290,Hospital,Pune,Address 290,9876540290,https://www.justdial.com/
Business 291,Hospital,Mumbai,Address 291,9876540291,https://www.justdial.com/
Business 292,Cafe,Mumbai,Address 292,9876540292,https://www.justdial.com/
Business 293,Gym,Delhi,Address 293,9876540293,https://www.justdial.com/
Business 294,Cafe,Mumbai,Address 294,9876540294,https://www.justdial.com/
Business 295,Gym,Mumbai,Address 295,9876540295,https://www.justdial.com/
Business 296,Gym,Pune,Address 296,9876540296,https://www.justdial.com/
Business 297,Gym,Bangalore,Address 297,9876540297,https://www.justdial.com/
Business 298,Cafe,Pune,Address 298,9876540298,https://www.justdial.com/
Business 299,Gym,Delhi,Address 299,9876540299,https://www.justdial.com/
Business 300,Cafe,Pune,Address 300,9876540300,https://www.justdial.com/
Business 301,Gym,Delhi,Address 301,9876540301,https://www.justdial.com/
Business 302,Cafe,Mumbai,Address 302,9876540302,https://www.justdial.com/
Business 303,Hospital,Delhi,Address 303,9876540303,https://www.justdial.com/
Business 304,Hospital,Pune,Address 304,9876540304,https://www.justdial.com/
Business 305,Restaurant,Pune,Address 305,9876540305,https://www.justdial.com/
Business 306,Cafe,Delhi,Address 306,9876540306,https://www.justdial.com/
Business 307,Cafe,Bangalore,Address 307,9876540307,https://www.justdial.com/
Business 308,Restaurant,Bangalore,Address 308,9876540308,https://www.justdial.com/
Business 309,Gym,Mumbai,Address 309,9876540309,https://www.justdial.com/
Business 310,Gym,Pune,Address 310,9876540310,https://www.justdial.com/
Business 311,Hospital,Mumbai,Address 311,9876540311,https://www.justdial.com/
Business 312,Restaurant,Pune,Address 312,9876540312,https://www.justdial.com/
Business 313,Cafe,Mumbai,Address 313,9876540313,https://www.justdial.com/
Business 314,Restaurant,Bangalore,Address 314,9876540314,https://www.justdial.com/
Business 315,Gym,Mumbai,Address 315,9876540315,https://www.justdial.com/
Business 316,Hospital,Delhi,Address 316,9876540316,https://www.justdial.com/
Business 317,Gym,Delhi,Address 317,9876540317,https://www.justdial.com/
Business 318,Gym,Pune,Address 318,9876540318,https://www.justdial.com/
Business 319,Cafe,Mumbai,Address 319,9876540319,https://www.justdial.com/
Business 320,Hospital,Delhi,Address 320,9876540320,https://www.justdial.com/
Business 321,Cafe,Pune,Address 321,9876540321,https://www.justdial.com/
Business 322,Restaurant,Delhi,Address 322,9876540322,https://www.justdial.com/
Business 323,Gym,Pune,Address 323,9876540323,https://www.justdial.com/
Business 324,Hospital,Delhi,Address 324,9876540324,https://www.justdial.com/
Business 325,Hospital,Pune,Address 325,9876540325,https://www.justdial.com/
Business 326,Gym,Mumbai,Address 326,9876540326,https://www.justdial.com/
Business 327,Restaurant,Pune,Address 327,9876540327,https://www.justdial.com/
Business 328,Cafe,Delhi,Address 328,9876540328,https://www.justdial.com/
Business 329,Hospital,Pune,Address 329,9876540329,https://www.justdial.com/
Business 330,Cafe,Delhi,Address 330,9876540330,https://www.justdial.com/
Business 331,Gym,Pune,Address 331,9876540331,https://www.justdial.com/
Business 332,Restaurant,Delhi,Address 332,9876540332,https://www.justdial.com/
Business 333,Gym,Bangalore,Address 333,9876540333,https://www.justdial.com/
Business 334,Hospital,Delhi,Address 334,9876540334,https://www.justdial.com/
Business 335,Gym,Mumbai,Address 335,9876540335,https://www.justdial.com/
Business 336,Restaurant,Mumbai,Address 336,9876540336,https://www.justdial.com/
Business 337,Gym,Mumbai,Address 337,9876540337,https://www.justdial.com/
Business 338,Cafe,Pune,Address 338,9876540338,https://www.justdial.com/
Business 339,Gym,Delhi,Address 339,9876540339,https://www.justdial.com/
Business 340,Cafe,Mumbai,Address 340,9876540340,https://www.justdial.com/
Business 341,Cafe,Pune,Address 341,9876540341,https://www.justdial.com/
Business 342,Cafe,Delhi,Address 342,9876540342,https://www.justdial.com/
Business 343,Hospital,Bangalore,Address 343,9876540343,https://www.justdial.com/
Business 344,Hospital,Pune,Address 344,9876540344,https://www.justdial.com/
Business 345,Cafe,Mumbai,Address 345,9876540345,https://www.justdial.com/
Business 346,Gym,Bangalore,Address 346,9876540346,https://www.justdial.com/
Business 347,Cafe,Bangalore,Address 347,9876540347,https://www.justdial.com/
Business 348,Cafe,Delhi,Address 348,9876540348,https://www.justdial.com/
Business 349,Hospital,Pune,Address 349,9876540349,https://www.justdial.com/
Business 350,Gym,Mumbai,Address 350,9876540350,https://www.justdial.com/
Business 351,Cafe,Bangalore,Address 351,9876540351,https://www.justdial.com/
Business 352,Cafe,Delhi,Address 352,9876540352,https://www.justdial.com/
Business 353,Cafe,Pune,Address 353,9876540353,https://www.justdial.com/
Business 354,Gym,Bangalore,Address 354,9876540354,https://www.justdial.com/
Business 355,Cafe,Mumbai,Address 355,9876540355,https://www.justdial.com/
Business 356,Hospital,Pune,Address 356,9876540356,https://www.justdial.com/
Business 357,Cafe,Bangalore,Address 357,9876540357,https://www.justdial.com/
Business 358,Restaurant,Pune,Address 358,9876540358,https://www.justdial.com/
Business 359,Restaurant,Pune,Address 359,9876540359,https://www.justdial.com/
Business 360,Gym,Bangalore,Address 360,9876540360,https://www.justdial.com/
Business 361,Gym,Bangalore,Address 361,9876540361,https://www.justdial.com/
Business 362,Cafe,Bangalore,Address 362,9876540362,https://www.justdial.com/
Business 363,Cafe,Mumbai,Address 363,9876540363,https://www.justdial.com/
Business 364,Hospital,Delhi,Address 364,9876540364,https://www.justdial.com/
Business 365,Restaurant,Delhi,Address 365,9876540365,https://www.justdial.com/
Business 366,Hospital,Delhi,Address 366,9876540366,https://www.justdial.com/
Business 367,Hospital,Delhi,Address 367,9876540367,https://www.justdial.com/
Business 368,Restaurant,Bangalore,Address 368,9876540368,https://www.justdial.com/
Business 369,Hospital,Pune,Address 369,9876540369,https://www.justdial.com/
Business 370,Restaurant,Bangalore,Address 370,9876540370,https://www.justdial.com/
Business 371,Gym,Pune,Address 371,9876540371,https://www.justdial.com/
Business 372,Cafe,Mumbai,Address 372,9876540372,https://www.justdial.com/
Business 373,Restaurant,Pune,Address 373,9876540373,https://www.justdial.com/
Business 374,Restaurant,Delhi,Address 374,9876540374,https://www.justdial.com/
Business 375,Hospital,Mumbai,Address 375,9876540375,https://www.justdial.com/
Business 376,Cafe,Delhi,Address 376,9876540376,https://www.justdial.com/
Business 377,Hospital,Mumbai,Address 377,9876540377,https://www.justdial.com/
Business 378,Cafe,Bangalore,Address 378,9876540378,https://www.justdial.com/
Business 379,Cafe,Mumbai,Address 379,9876540379,https://www.justdial.com/
Business 380,Gym,Bangalore,Address 380,9876540380,https://www.justdial.com/
Business 381,Gym,Delhi,Address 381,9876540381,https://www.justdial.com/
Business 382,Cafe,Delhi,Address 382,9876540382,https://www.justdial.com/
Business 383,Cafe,Pune,Address 383,9876540383,https://www.justdial.com/
Business 384,Gym,Delhi,Address 384,9876540384,https://www.justdial.com/
Business 385,Restaurant,Bangalore,Address 385,9876540385,https://www.justdial.com/
Business 386,Gym,Bangalore,Address 386,9876540386,https://www.justdial.com/
Business 387,Gym,Pune,Address 387,9876540387,https://www.justdial.com/
Business 388,Cafe,Mumbai,Address 388,9876540388,https://www.justdial.com/
Business 389,Gym,Bangalore,Address 389,9876540389,https://www.justdial.com/
Business 390,Restaurant,Mumbai,Address 390,9876540390,https://www.justdial.com/
Business 391,Restaurant,Pune,Address 391,9876540391,https://www.justdial.com/
Business 392,Gym,Bangalore,Address 392,9876540392,https://www.justdial.com/
Business 393,Gym,Mumbai,Address 393,9876540393,https://www.justdial.com/
Business 394,Restaurant,Delhi,Address 394,9876540394,https://www.justdial.com/
Business 395,Cafe,Delhi,Address 395,9876540395,https://www.justdial.com/
Business 396,Gym,Bangalore,Address 396,9876540396,https://www.justdial.com/
Business 397,Cafe,Bangalore,Address 397,9876540397,https://www.justdial.com/
Business 398,Gym,Delhi,Address 398,9876540398,https://www.justdial.com/
Business 399,Hospital,Delhi,Address 399,9876540399,https://www.justdial.com/
Business 400,Hospital,Delhi,Address 400,9876540400,https://www.justdial.com/
Business 401,Gym,Bangalore,Address 401,9876540401,https://www.justdial.com/
Business 402,Gym,Delhi,Address 402,9876540402,https://www.justdial.com/
Business 403,Gym,Pune,Address 403,9876540403,https://www.justdial.com/
Business 404,Hospital,Mumbai,Address 404,9876540404,https://www.justdial.com/
Business 405,Hospital,Pune,Address 405,9876540405,https://www.justdial.com/
Business 406,Restaurant,Bangalore,Address 406,9876540406,https://www.justdial.com/
Business 407,Restaurant,Delhi,Address 407,9876540407,https://www.justdial.com/
Business 408,Cafe,Mumbai,Address 408,9876540408,https://www.justdial.com/
Business 409,Hospital,Delhi,Address 409,9876540409,https://www.justdial.com/
Business 410,Cafe,Pune,Address 410,9876540410,https://www.justdial.com/
Business 411,Gym,Delhi,Address 411,9876540411,https://www.justdial.com/
Business 412,Hospital,Pune,Address 412,9876540412,https://www.justdial.com/
Business 413,Restaurant,Mumbai,Address 413,9876540413,https://www.justdial.com/
Business 414,Cafe,Bangalore,Address 414,9876540414,https://www.justdial.com/
Business 415,Restaurant,Delhi,Address 415,9876540415,https://www.justdial.com/
Business 416,Hospital,Mumbai,Address 416,9876540416,https://www.justdial.com/
Business 417,Cafe,Pune,Address 417,9876540417,https://www.justdial.com/
Business 418,Gym,Delhi,Address 418,9876540418,https://www.justdial.com/
Business 419,Restaurant,Bangalore,Address 419,9876540419,https://www.justdial.com/
Business 420,Hospital,Bangalore,Address 420,9876540420,https://www.justdial.com/
Business 421,Restaurant,Mumbai,Address 421,9876540421,https://www.justdial.com/
Business 422,Hospital,Delhi,Address 422,9876540422,https://www.justdial.com/
Business 423,Cafe,Delhi,Address 423,9876540423,https://www.justdial.com/
Business 424,Cafe,Delhi,Address 424,9876540424,https://www.justdial.com/
Business 425,Restaurant,Mumbai,Address 425,9876540425,https://www.justdial.com/
Business 426,Restaurant,Delhi,Address 426,9876540426,https://www.justdial.com/
Business 427,Cafe,Delhi,Address 427,9876540427,https://www.justdial.com/
Business 428,Restaurant,Mumbai,Address 428,9876540428,https://www.justdial.com/
Business 429,Hospital,Bangalore,Address 429,9876540429,https://www.justdial.com/
Business 430,Hospital,Pune,Address 430,9876540430,https://www.justdial.com/
Business 431,Cafe,Pune,Address 431,9876540431,https://www.justdial.com/
Business 432,Cafe,Delhi,Address 432,9876540432,https://www.justdial.com/
Business 433,Gym,Bangalore,Address 433,9876540433,https://www.justdial.com/
Business 434,Restaurant,Pune,Address 434,9876540434,https://www.justdial.com/
Business 435,Gym,Bangalore,Address 435,9876540435,https://www.justdial.com/
Business 436,Cafe,Bangalore,Address 436,9876540436,https://www.justdial.com/
Business 437,Hospital,Pune,Address 437,9876540437,https://www.justdial.com/
Business 438,Cafe,Pune,Address 438,9876540438,https://www.justdial.com/
Business 439,Hospital,Mumbai,Address 439,9876540439,https://www.justdial.com/
Business 440,Restaurant,Delhi,Address 440,9876540440,https://www.justdial.com/
Business 441,Gym,Bangalore,Address 441,9876540441,https://www.justdial.com/
Business 442,Hospital,Pune,Address 442,9876540442,https://www.justdial.com/
Business 443,Cafe,Bangalore,Address 443,9876540443,https://www.justdial.com/
Business 444,Gym,Delhi,Address 444,9876540444,https://www.justdial.com/
Business 445,Cafe,Delhi,Address 445,9876540445,https://www.justdial.com/
Business 446,Restaurant,Delhi,Address 446,9876540446,https://www.justdial.com/
Business 447,Cafe,Pune,Address 447,9876540447,https://www.justdial.com/
Business 448,Hospital,Mumbai,Address 448,9876540448,https://www.justdial.com/
Business 449,Hospital,Bangalore,Address 449,9876540449,https://www.justdial.com/
Business 450,Restaurant,Mumbai,Address 450,9876540450,https://www.justdial.com/
Business 451,Cafe,Pune,Address 451,9876540451,https://www.justdial.com/
Business 452,Cafe,Bangalore,Address 452,9876540452,https://www.justdial.com/
Business 453,Hospital,Bangalore,Address 453,9876540453,https://www.justdial.com/
Business 454,Gym,Mumbai,Address 454,9876540454,https://www.justdial.com/
Business 455,Restaurant,Bangalore,Address 455,9876540455,https://www.justdial.com/
Business 456,Gym,Mumbai,Address 456,9876540456,https://www.justdial.com/
Business 457,Restaurant,Pune,Address 457,9876540457,https://www.justdial.com/
Business 458,Hospital,Mumbai,Address 458,9876540458,https://www.justdial.com/
Business 459,Gym,Delhi,Address 459,9876540459,https://www.justdial.com/
Business 460,Hospital,Bangalore,Address 460,9876540460,https://www.justdial.com/
Business 461,Cafe,Pune,Address 461,9876540461,https://www.justdial.com/
Business 462,Restaurant,Pune,Address 462,9876540462,https://www.justdial.com/
Business 463,Gym,Pune,Address 463,9876540463,https://www.justdial.com/
Business 464,Gym,Delhi,Address 464,9876540464,https://www.justdial.com/
Business 465,Cafe,Delhi,Address 465,9876540465,https://www.justdial.com/
Business 466,Hospital,Pune,Address 466,9876540466,https://www.justdial.com/
Business 467,Cafe,Pune,Address 467,9876540467,https://www.justdial.com/
Business 468,Gym,Bangalore,Address 468,9876540468,https://www.justdial.com/
Business 469,Cafe,Delhi,Address 469,9876540469,https://www.justdial.com/
Business 470,Hospital,Pune,Address 470,9876540470,https://www.justdial.com/
Business 471,Hospital,Bangalore,Address 471,9876540471,https://www.justdial.com/
Business 472,Restaurant,Bangalore,Address 472,9876540472,https://www.justdial.com/
Business 473,Restaurant,Pune,Address 473,9876540473,https://www.justdial.com/
Business 474,Cafe,Mumbai,Address 474,9876540474,https://www.justdial.com/
Business 475,Gym,Mumbai,Address 475,9876540475,https://www.justdial.com/
Business 476,Gym,Pune,Address 476,9876540476,https://www.justdial.com/
Business 477,Restaurant,Bangalore,Address 477,9876540477,https://www.justdial.com/
Business 478,Restaurant,Pune,Address 478,9876540478,https://www.justdial.com/
Business 479,Restaurant,Pune,Address 479,9876540479,https://www.justdial.com/
Business 480,Hospital,Pune,Address 480,9876540480,https://www.justdial.com/
Business 481,Gym,Bangalore,Address 481,9876540481,https://www.justdial.com/
Business 482,Cafe,Mumbai,Address 482,9876540482,https://www.justdial.com/
Business 483,Restaurant,Pune,Address 483,9876540483,https://www.justdial.com/
Business 484,Gym,Pune,Address 484,9876540484,https://www.justdial.com/
Business 485,Gym,Mumbai,Address 485,9876540485,https://www.justdial.com/
Business 486,Restaurant,Delhi,Address 486,9876540486,https://www.justdial.com/
Business 487,Hospital,Pune,Address 487,9876540487,https://www.justdial.com/
Business 488,Cafe,Delhi,Address 488,9876540488,https://www.justdial.com/
Business 489,Hospital,Delhi,Address 489,9876540489,https://www.justdial.com/
Business 490,Restaurant,Delhi,Address 490,9876540490,https://www.justdial.com/
Business 491,Gym,Mumbai,Address 491,9876540491,https://www.justdial.com/
Business 492,Hospital,Bangalore,Address 492,9876540492,https://www.justdial.com/
Business 493,Hospital,Pune,Address 493,9876540493,https://www.justdial.com/
Business 494,Cafe,Delhi,Address 494,9876540494,https://www.justdial.com/
Business 495,Cafe,Delhi,Address 495,9876540495,https://www.justdial.com/
Business 496,Cafe,Delhi,Address 496,9876540496,https://www.justdial.com/
Business 497,Gym,Bangalore,Address 497,9876540497,https://www.justdial.com/
Business 498,Hospital,Delhi,Address 498,9876540498,https://www.justdial.com/
Business 499,Gym,Pune,Address 499,9876540499,https://www.justdial.com/
Business 500,Gym,Mumbai,Address 500,9876540500,https://www.justdial.com/
Business 501,Restaurant,Bangalore,Address 501,9876540501,https://www.justdial.com/
Business 502,Hospital,Bangalore,Address 502,9876540502,https://www.justdial.com/
Business 503,Gym,Mumbai,Address 503,9876540503,https://www.justdial.com/
Business 504,Hospital,Delhi,Address 504,9876540504,https://www.justdial.com/
Business 505,Gym,Delhi,Address 505,9876540505,https://www.justdial.com/
Business 506,Cafe,Pune,Address 506,9876540506,https://www.justdial.com/
Business 507,Restaurant,Delhi,Address 507,9876540507,https://www.justdial.com/
Business 508,Restaurant,Bangalore,Address 508,9876540508,https://www.justdial.com/
Business 509,Restaurant,Delhi,Address 509,9876540509,https://www.justdial.com/
Business 510,Cafe,Bangalore,Address 510,9876540510,https://www.justdial.com/
Business 511,Gym,Bangalore,Address 511,9876540511,https://www.justdial.com/
Business 512,Cafe,Mumbai,Address 512,9876540512,https://www.justdial.com/
Business 513,Restaurant,Mumbai,Address 513,9876540513,https://www.justdial.com/
Business 514,Gym,Pune,Address 514,9876540514,https://www.justdial.com/
Business 515,Hospital,Pune,Address 515,9876540515,https://www.justdial.com/
Business 516,Gym,Delhi,Address 516,9876540516,https://www.justdial.com/
Business 517,Hospital,Pune,Address 517,9876540517,https://www.justdial.com/
Business 518,Cafe,Bangalore,Address 518,9876540518,https://www.justdial.com/
Business 519,Cafe,Bangalore,Address 519,9876540519,https://www.justdial.com/
Business 520,Hospital,Bangalore,Address 520,9876540520,https://www.justdial.com/
Business 521,Restaurant,Delhi,Address 521,9876540521,https://www.justdial.com/
Business 522,Restaurant,Mumbai,Address 522,9876540522,https://www.justdial.com/
Business 523,Cafe,Delhi,Address 523,9876540523,https://www.justdial.com/
Business 524,Cafe,Bangalore,Address 524,9876540524,https://www.justdial.com/
Business 525,Cafe,Delhi,Address 525,9876540525,https://www.justdial.com/
Business 526,Gym,Pune,Address 526,9876540526,https://www.justdial.com/
Business 527,Restaurant,Delhi,Address 527,9876540527,https://www.justdial.com/
Business 528,Hospital,Delhi,Address 528,9876540528,https://www.justdial.com/
Business 529,Gym,Pune,Address 529,9876540529,https://www.justdial.com/
Business 530,Cafe,Pune,Address 530,9876540530,https://www.justdial.com/
Business 531,Restaurant,Pune,Address 531,9876540531,https://www.justdial.com/
Business 532,Restaurant,Bangalore,Address 532,9876540532,https://www.justdial.com/
Business 533,Cafe,Pune,Address 533,9876540533,https://www.justdial.com/
Business 534,Gym,Pune,Address 534,9876540534,https://www.justdial.com/
Business 535,Gym,Pune,Address 535,9876540535,https://www.justdial.com/
Business 536,Restaurant,Delhi,Address 536,9876540536,https://www.justdial.com/
Business 537,Cafe,Pune,Address 537,9876540537,https://www.justdial.com/
Business 538,Restaurant,Bangalore,Address 538,9876540538,https://www.justdial.com/
Business 539,Hospital,Bangalore,Address 539,9876540539,https://www.justdial.com/
Business 540,Restaurant,Delhi,Address 540,9876540540,https://www.justdial.com/
Business 541,Cafe,Pune,Address 541,9876540541,https://www.justdial.com/
Business 542,Restaurant,Pune,Address 542,9876540542,https://www.justdial.com/
Business 543,Restaurant,Bangalore,Address 543,9876540543,https://www.justdial.com/
Business 544,Hospital,Delhi,Address 544,9876540544,https://www.justdial.com/
Business 545,Restaurant,Delhi,Address 545,9876540545,https://www.justdial.com/
Business 546,Cafe,Pune,Address 546,9876540546,https://www.justdial.com/
Business 547,Gym,Pune,Address 547,9876540547,https://www.justdial.com/
Business 548,Restaurant,Delhi,Address 548,9876540548,https://www.justdial.com/
Business 549,Hospital,Delhi,Address 549,9876540549,https://www.justdial.com/
